<?xml version="1.0" encoding="UTF-8"?>
<jnlp-versions>
  
	<resource>
     <pattern>
         <name>ant.jar</name>
            <version-id>1</version-id>
         </pattern>
         <file>ant.jar</file>
  </resource>
  
  <resource>
     <pattern>
         <name>arch4j.jar</name>
            <version-id>1</version-id>
         </pattern>
         <file>arch4j.jar</file>
  </resource>
  <resource>
     <pattern>
         <name>arch4j-ui.jar</name>
            <version-id>2</version-id>
         </pattern>
         <file>arch4j-ui.jar</file>
  </resource>
  <resource>
     <pattern>
         <name>commons-net-1.1.0.jar</name>
            <version-id>1</version-id>
         </pattern>
         <file>commons-net-1.1.0.jar</file>
  </resource>
  <resource>
     <pattern>
         <name>cruisecontrol.jar</name>
            <version-id>2.7.3</version-id>
         </pattern>
         <file>cruisecontrol.jar</file>
  </resource>
  <resource>
     <pattern>
         <name>jakarta-oro-2.0.8.jar</name>
            <version-id>1</version-id>
         </pattern>
         <file>jakarta-oro-2.0.8.jar</file>
  </resource>
  <resource>
     <pattern>
         <name>forms-1.0.5.jar</name>
            <version-id>1</version-id>
         </pattern>
         <file>forms-1.0.5.jar</file>
  </resource>
  <resource>
     <pattern>
         <name>foxtrot.jar</name>
            <version-id>1</version-id>
         </pattern>
         <file>foxtrot.jar</file>
  </resource>
  <resource>
     <pattern>
         <name>glazedlists-1.7.0.jar</name>
            <version-id>1.7.0</version-id>
         </pattern>
         <file>glazedlists-1.7.0.jar</file>
  </resource>
  <resource>
     <pattern>
         <name>jdom.jar</name>
            <version-id>1</version-id>
         </pattern>
         <file>jdom.jar</file>
  </resource>
  <resource>
     <pattern>
         <name>kunststoff.jar</name>
            <version-id>1</version-id>
         </pattern>
         <file>kunststoff.jar</file>
  </resource>
  <resource>
     <pattern>
         <name>log4j.jar</name>
            <version-id>1</version-id>
         </pattern>
         <file>log4j.jar</file>
  </resource>
   <resource>
     <pattern>
         <name>looks-1.2.2.jar</name>
            <version-id>1</version-id>
         </pattern>
         <file>looks-1.2.2.jar</file>
  </resource>
  <resource>
     <pattern>
         <name>mail.jar</name>
            <version-id>1</version-id>
         </pattern>
         <file>mail.jar</file>
  </resource>
  <resource>
     <pattern>
         <name>maven-embedder-2.0.4-dep.jar</name>
            <version-id>1</version-id>
         </pattern>
         <file>maven-embedder-2.0.4-dep.jar</file>
  </resource>  
  <resource>
     <pattern>
         <name>mx4j.jar</name>
            <version-id>1</version-id>
         </pattern>
         <file>mx4j.jar</file>
  </resource>
  <resource>
     <pattern>
         <name>mx4j-remote.jar</name>
            <version-id>1</version-id>
         </pattern>
         <file>mx4j-remote.jar</file>
  </resource>
  <resource>
     <pattern>
         <name>mx4j-tools.jar</name>
            <version-id>1</version-id>
         </pattern>
         <file>mx4j-tools.jar</file>
  </resource>
  <resource>
     <pattern>
         <name>ostermillerutils_1_05_00.jar</name>
            <version-id>1</version-id>
         </pattern>
         <file>ostermillerutils_1_05_00.jar</file>
  </resource>
   <resource>
     <pattern>
         <name>Piccolo.jar</name>
            <version-id>1</version-id>
         </pattern>
         <file>Piccolo.jar</file>
  </resource>
  <resource>
     <pattern>
         <name>smack.jar</name>
            <version-id>1</version-id>
         </pattern>
         <file>smack.jar</file>
  </resource>
  <resource>
     <pattern>
         <name>smackx.jar</name>
            <version-id>1</version-id>
         </pattern>
         <file>smackx.jar</file>
  </resource>
  <resource>
     <pattern>
         <name>systray4j.jar</name>
            <version-id>1</version-id>
         </pattern>
         <file>systray4j.jar</file>
  </resource>
  <resource>
     <pattern>
         <name>systray4j_ext.jar</name>
            <version-id>1</version-id>
         </pattern>
         <file>systray4j_ext.jar</file>
  </resource>
  <resource>
     <pattern>
         <name>xercesImpl.jar</name>
            <version-id>1</version-id>
         </pattern>
         <file>xercesImpl.jar</file>
  </resource>
  <resource>
     <pattern>
         <name>xml-apis.jar</name>
            <version-id>1</version-id>
         </pattern>
         <file>xml-apis.jar</file>
  </resource>
  <resource>
     <pattern>
         <name>xmlrpc-2.0.1.jar</name>
            <version-id>1</version-id>
         </pattern>
         <file>xmlrpc-2.0.1.jar</file>
  </resource> 
  <resource>
     <pattern>
         <name>x10.jar</name>
            <version-id>1</version-id>
         </pattern>
         <file>x10.jar</file>
  </resource>
</jnlp-versions>